City_ID,City,Country,Date,Lat,Lng,Max Temp,Humidity,Cloudiness,Wind Speed
0,Teya,RU,2022-08-04 21:51:09,60.3778,92.6267,42.67,99,100,5.5
1,Broome,US,2022-08-04 21:51:10,42.2506,-75.833,73.45,88,75,3.44
2,Sibiti,CG,2022-08-04 21:51:10,-3.6819,13.3499,68.99,71,32,3.22
3,Puerto Ayora,EC,2022-08-04 21:51:10,-0.7393,-90.3518,76.96,83,54,8.99
4,Hilo,US,2022-08-04 21:51:11,19.7297,-155.09,87.28,72,0,9.22
5,Tuktoyaktuk,CA,2022-08-04 21:51:11,69.4541,-133.0374,68.0,40,75,6.91
6,Berlevag,NO,2022-08-04 21:51:12,70.8578,29.0864,58.8,82,40,8.05
7,Ushuaia,AR,2022-08-04 21:50:59,-54.8,-68.3,40.66,70,75,1.14
8,Albany,US,2022-08-04 21:48:27,42.6001,-73.9662,89.58,61,40,15.05
9,Zhezkazgan,KZ,2022-08-04 21:51:12,47.8043,67.7144,66.78,73,23,10.54
10,Port Elizabeth,ZA,2022-08-04 21:51:13,-33.918,25.5701,53.31,92,0,5.75
11,Yellowknife,CA,2022-08-04 21:50:54,62.456,-114.3525,64.92,48,75,10.36
12,Japura,ID,2022-08-04 21:51:13,-0.3167,102.35,73.45,98,100,1.45
13,Avarua,CK,2022-08-04 21:50:15,-21.2078,-159.775,77.05,73,40,18.41
14,Douentza,ML,2022-08-04 21:51:14,14.9951,-2.9517,79.77,68,100,3.87
15,Provideniya,RU,2022-08-04 21:51:14,64.3833,-173.3,53.71,87,100,4.47
16,Vila Franca Do Campo,PT,2022-08-04 21:51:14,37.7167,-25.4333,73.81,92,73,4.94
17,Rikitea,PF,2022-08-04 21:50:49,-23.1203,-134.9692,70.7,70,97,19.44
18,Busselton,AU,2022-08-04 21:51:15,-33.65,115.3333,51.62,73,100,5.73
19,Atuona,PF,2022-08-04 21:51:15,-9.8,-139.0333,77.2,75,25,19.1
20,New Norfolk,AU,2022-08-04 21:51:15,-42.7826,147.0587,45.9,68,69,1.92
21,Thompson,CA,2022-08-04 21:49:49,55.7435,-97.8558,66.36,39,75,3.44
22,Ilulissat,GL,2022-08-04 21:51:16,69.2167,-51.1,37.83,99,100,5.12
23,Havre-Saint-Pierre,CA,2022-08-04 21:51:16,50.2334,-63.5986,61.16,94,100,3.44
24,Vaini,TO,2022-08-04 21:51:17,-21.2,-175.2,78.96,83,75,10.36
25,Northam,GB,2022-08-04 21:51:17,51.0333,-4.2167,59.61,69,24,10.63
26,Shimoda,JP,2022-08-04 21:51:18,34.6667,138.95,72.1,90,94,11.45
27,Cape Town,ZA,2022-08-04 21:50:57,-33.9258,18.4232,54.91,89,20,10.36
28,Bluff,NZ,2022-08-04 21:51:03,-46.6,168.3333,57.79,58,100,23.49
29,Jamestown,US,2022-08-04 21:51:18,42.097,-79.2353,83.01,52,0,12.66
30,Goderich,CA,2022-08-04 21:51:19,43.7501,-81.7165,75.52,83,91,3.44
31,Almaznyy,RU,2022-08-04 21:51:19,48.0448,40.045,68.07,81,95,8.19
32,Kaitangata,NZ,2022-08-04 21:51:19,-46.2817,169.8464,52.59,69,100,8.3
33,Vanderhoof,CA,2022-08-04 21:51:20,54.0166,-124.0198,56.59,74,100,5.77
34,Bani Walid,LY,2022-08-04 21:51:20,31.7566,13.9942,76.96,66,1,10.92
35,San Ramon,US,2022-08-04 21:48:35,37.7799,-121.978,97.02,36,0,16.11
36,Tabas,IR,2022-08-04 21:51:21,33.5959,56.9244,87.19,16,0,5.12
37,Prieska,ZA,2022-08-04 21:51:21,-29.6641,22.7474,56.86,56,0,3.98
38,Victoria,HK,2022-08-04 21:49:18,22.2855,114.1577,78.85,93,99,10.0
39,Mataura,NZ,2022-08-04 21:51:21,-46.1927,168.8643,57.47,86,100,4.97
40,Netishyn,UA,2022-08-04 21:51:22,50.34,26.6417,65.61,77,49,5.57
41,Fort-Shevchenko,KZ,2022-08-04 21:51:22,44.5086,50.263,80.69,58,0,8.46
42,Kavieng,PG,2022-08-04 21:51:22,-2.5744,150.7967,82.76,74,100,12.59
43,Labuhan,ID,2022-08-04 21:51:23,-6.8844,112.2051,73.49,84,3,8.48
44,Sao Joao Da Barra,BR,2022-08-04 21:51:23,-21.6403,-41.0511,75.29,83,62,18.72
45,Banjar,ID,2022-08-04 21:51:24,-8.19,114.9675,71.96,82,7,5.23
46,Vardo,NO,2022-08-04 21:51:24,70.3705,31.1107,51.78,87,95,4.61
47,Praia Da Vitoria,PT,2022-08-04 21:51:24,38.7333,-27.0667,77.76,100,40,2.06
48,Scottsbluff,US,2022-08-04 21:51:25,41.8666,-103.6672,102.43,21,0,8.05
49,Tomatlan,MX,2022-08-04 21:51:25,19.9333,-105.25,91.27,57,67,10.29
50,Bosaso,SO,2022-08-04 21:51:26,11.2842,49.1816,90.48,41,32,19.39
51,Faanui,PF,2022-08-04 21:51:26,-16.4833,-151.75,77.34,78,42,25.28
52,Troitskoye,RU,2022-08-04 21:51:26,52.9821,84.6757,49.86,81,0,7.25
53,Sao Filipe,CV,2022-08-04 21:51:27,14.8961,-24.4956,77.05,81,91,7.25
54,Harnosand,SE,2022-08-04 21:51:27,62.6323,17.9379,68.02,89,97,20.18
55,Bengkulu,ID,2022-08-04 21:51:27,-3.8004,102.2655,73.56,90,98,3.94
56,Upernavik,GL,2022-08-04 21:51:28,72.7868,-56.1549,44.82,79,100,14.61
57,Tasiilaq,GL,2022-08-04 21:51:28,65.6145,-37.6368,40.35,84,100,2.39
58,Rocha,UY,2022-08-04 21:51:28,-34.4833,-54.3333,50.07,89,100,13.44
59,Laguna,US,2022-08-04 21:51:29,38.421,-121.4238,104.14,19,0,11.5
60,Zhigansk,RU,2022-08-04 21:51:29,66.7697,123.3711,49.19,59,100,21.92
61,Butaritari,KI,2022-08-04 21:51:30,3.0707,172.7902,81.48,76,67,11.7
62,Punta Arenas,CL,2022-08-04 21:48:23,-53.15,-70.9167,41.11,87,75,0.0
63,Hobyo,SO,2022-08-04 21:51:30,5.3505,48.5268,76.1,85,61,22.15
64,Kapaa,US,2022-08-04 21:51:30,22.0752,-159.319,83.48,67,20,9.22
65,Khagaria,IN,2022-08-04 21:51:31,25.5,86.4833,82.35,77,68,7.9
66,Bredasdorp,ZA,2022-08-04 21:51:31,-34.5322,20.0403,48.96,92,90,5.3
67,Roald,NO,2022-08-04 21:50:48,62.5833,6.1333,56.16,87,75,9.22
68,Dawlatabad,AF,2022-08-04 21:51:32,36.4141,64.9053,76.78,24,1,3.0
69,Codrington,AU,2022-08-04 21:51:32,-38.2667,141.9667,47.68,92,90,12.28
70,Bumba,CD,2022-08-04 21:51:32,2.1833,22.4667,72.0,95,69,1.81
71,Te Anau,NZ,2022-08-04 21:51:33,-45.4167,167.7167,50.52,77,100,11.7
72,Touros,BR,2022-08-04 21:51:33,-5.1989,-35.4608,75.97,80,14,11.56
73,Yarada,IN,2022-08-04 21:51:33,17.65,83.2667,82.11,73,91,2.44
74,Sassandra,CI,2022-08-04 21:51:34,4.95,-6.0833,72.73,82,76,6.31
75,Bathsheba,BB,2022-08-04 21:51:34,13.2167,-59.5167,84.81,88,40,18.41
76,Longyearbyen,SJ,2022-08-04 21:51:34,78.2186,15.6401,46.47,96,100,0.43
77,Koumac,NC,2022-08-04 21:51:35,-20.5667,164.2833,75.85,78,0,3.6
78,Hithadhoo,MV,2022-08-04 21:51:35,-0.6,73.0833,80.71,72,95,10.85
79,Ucluelet,CA,2022-08-04 21:51:36,48.9329,-125.5528,64.71,82,23,1.99
80,Barrow,US,2022-08-04 21:51:36,71.2906,-156.7887,56.28,63,94,14.76
81,San Quintin,MX,2022-08-04 21:51:36,30.4833,-115.95,75.42,73,19,16.64
82,Port Alfred,ZA,2022-08-04 21:51:37,-33.5906,26.891,59.14,83,61,5.3
83,Semey,KZ,2022-08-04 21:51:37,50.4111,80.2275,60.58,50,97,9.13
84,Vredendal,ZA,2022-08-04 21:51:37,-31.6683,18.5012,47.62,87,6,1.95
85,Sorland,NO,2022-08-04 21:51:38,67.667,12.6934,53.46,75,81,11.21
86,Matamoros,MX,2022-08-04 21:49:31,25.5333,-103.25,98.31,19,18,8.93
87,Oriximina,BR,2022-08-04 21:51:38,-1.7656,-55.8661,83.5,61,86,4.68
88,Shar,KZ,2022-08-04 21:51:38,49.5886,81.0453,59.16,51,79,8.34
89,Male,MV,2022-08-04 21:51:39,4.1748,73.5089,82.35,83,75,20.71
90,Erzin,TR,2022-08-04 21:51:39,36.9559,36.2,76.59,78,0,1.32
91,Nuuk,GL,2022-08-04 21:51:39,64.1835,-51.7216,47.88,76,100,25.01
92,Airai,TL,2022-08-04 21:51:40,-8.9266,125.4092,55.13,80,26,1.99
93,Uruacu,BR,2022-08-04 21:51:40,-14.5247,-49.1408,78.91,28,3,1.52
94,Klaksvik,FO,2022-08-04 21:51:41,62.2266,-6.589,47.32,77,96,19.37
95,Nikolskoye,RU,2022-08-04 21:51:41,59.7035,30.7861,66.09,70,17,4.59
96,Lebu,CL,2022-08-04 21:47:41,-37.6167,-73.65,49.41,70,99,4.97
97,Salalah,OM,2022-08-04 21:51:41,17.0151,54.0924,77.63,92,99,1.7
98,Chokurdakh,RU,2022-08-04 21:51:42,70.6333,147.9167,46.45,66,100,13.11
99,Bafra,TR,2022-08-04 21:51:42,41.5678,35.9069,78.82,87,36,2.57
100,Albemarle,US,2022-08-04 21:51:42,35.3501,-80.2001,93.61,55,12,7.9
101,Georgetown,MY,2022-08-04 21:51:43,5.4112,100.3354,80.89,94,20,3.44
102,Saldanha,ZA,2022-08-04 21:51:43,-33.0117,17.9442,46.45,84,41,7.54
103,Asau,RO,2022-08-04 21:51:43,46.4333,26.4,67.28,78,5,4.72
104,Castro,BR,2022-08-04 21:51:44,-24.7911,-50.0119,65.3,55,69,4.45
105,Juneau,US,2022-08-04 21:51:44,58.3019,-134.4197,63.84,93,75,6.91
106,Adana,TR,2022-08-04 21:51:44,36.985,35.2881,84.72,83,20,1.14
107,Hermanus,ZA,2022-08-04 21:51:45,-34.4187,19.2345,46.8,77,79,6.4
108,Dikson,RU,2022-08-04 21:51:45,73.5069,80.5464,44.53,100,100,12.37
109,Hasaki,JP,2022-08-04 21:51:46,35.7333,140.8333,73.8,90,100,15.7
110,Yaan,NG,2022-08-04 21:51:46,7.3833,8.5667,73.13,87,88,5.01
111,Kosa,RU,2022-08-04 21:51:47,59.9445,54.9977,59.58,80,26,3.02
112,Makakilo City,US,2022-08-04 21:51:47,21.3469,-158.0858,83.95,63,100,12.66
113,Cidreira,BR,2022-08-04 21:51:47,-30.1811,-50.2056,68.81,78,38,14.14
114,Bilopillya,UA,2022-08-04 21:51:48,51.1502,34.3129,65.1,95,98,8.75
115,Tanete,ID,2022-08-04 21:51:48,-3.9443,119.7848,71.6,90,41,3.83
116,Narsaq,GL,2022-08-04 21:51:48,60.9167,-46.05,47.5,86,89,2.26
117,Damietta,EG,2022-08-04 21:51:49,31.4165,31.8133,78.4,77,0,8.16
118,Porbandar,IN,2022-08-04 21:51:49,21.6422,69.6093,82.17,78,100,8.25
119,Ribeira Grande,PT,2022-08-04 21:51:49,38.5167,-28.7,75.6,94,40,3.44
120,Krasnyy Yar,RU,2022-08-04 21:51:50,46.5331,48.3456,73.33,36,33,1.74
121,Ponta Do Sol,PT,2022-08-04 21:51:50,32.6667,-17.1,74.03,79,5,8.9
122,Atar,MR,2022-08-04 21:51:50,20.5169,-13.0499,94.33,29,4,11.52
123,Gouyave,GD,2022-08-04 21:51:51,12.1646,-61.7296,83.17,74,20,19.57
124,Mogadishu,SO,2022-08-04 21:51:51,2.0371,45.3438,75.92,84,61,19.04
125,Ketchikan,US,2022-08-04 21:51:51,55.3422,-131.6461,66.67,59,0,9.22
126,Hobart,AU,2022-08-04 21:51:02,-42.8794,147.3294,46.26,89,0,5.75
127,Nome,US,2022-08-04 21:51:52,64.5011,-165.4064,52.16,87,100,4.61
128,Saint-Philippe,RE,2022-08-04 21:51:52,-21.3585,55.7679,65.79,78,33,11.12
129,Lorengau,PG,2022-08-04 21:51:53,-2.0226,147.2712,82.49,79,100,9.8
130,Nanortalik,GL,2022-08-04 21:51:53,60.1432,-45.2371,46.38,87,100,4.68
131,Thinadhoo,MV,2022-08-04 21:51:53,0.5333,72.9333,82.29,66,100,17.54
132,Mayumba,GA,2022-08-04 21:51:54,-3.432,10.6554,68.41,92,37,7.2
133,Saint George,US,2022-08-04 21:51:54,37.1041,-113.5841,102.63,27,0,19.57
134,Ornskoldsvik,SE,2022-08-04 21:51:55,63.2909,18.7153,61.75,82,40,6.91
135,Namibe,AO,2022-08-04 21:51:55,-15.1961,12.1522,62.01,78,0,7.56
136,Rosarito,MX,2022-08-04 21:51:55,32.3333,-117.0333,75.42,73,100,10.54
137,Cortez,US,2022-08-04 21:48:02,37.3489,-108.5859,90.36,30,0,3.44
138,Samarai,PG,2022-08-04 21:51:56,-10.6167,150.6667,79.88,85,44,12.3
139,Am Timan,TD,2022-08-04 21:51:56,11.0297,20.2827,73.83,89,100,4.79
140,Arawa,PG,2022-08-04 21:51:56,-6.2132,155.5367,82.44,74,89,3.13
141,Kingston,JM,2022-08-04 21:47:59,17.997,-76.7936,88.75,64,20,32.21
142,Takoradi,GH,2022-08-04 21:51:57,4.8845,-1.7554,72.99,78,92,6.55
143,Kouango,CF,2022-08-04 21:51:57,4.9934,19.9619,70.5,97,96,2.44
144,Tiksi,RU,2022-08-04 21:51:58,71.6872,128.8694,47.1,68,85,1.05
145,Carnarvon,AU,2022-08-04 21:51:58,-24.8667,113.6333,58.84,59,48,13.71
146,Port Hardy,CA,2022-08-04 21:51:58,50.6996,-127.4199,62.78,67,75,11.5
147,Nyahururu,KE,2022-08-04 21:51:59,0.0421,36.3673,53.47,91,98,4.03
148,Ahipara,NZ,2022-08-04 21:51:59,-35.1667,173.1667,57.43,74,0,2.44
149,Nieves,PH,2022-08-04 21:51:59,15.3274,120.9485,80.11,98,100,0.85
150,Ixtapa,MX,2022-08-04 21:52:00,20.7,-105.2,91.22,69,56,5.01
151,Vieste,IT,2022-08-04 21:52:00,41.8825,16.175,79.47,65,0,6.91
152,Birao,CF,2022-08-04 21:52:00,10.2849,22.7882,68.86,95,53,4.25
153,Panelas,BR,2022-08-04 21:52:01,-8.6636,-36.0058,65.08,98,36,6.2
154,San Cristobal,VE,2022-08-04 21:48:06,7.7669,-72.225,78.98,56,41,3.91
155,Dahra,DZ,2022-08-04 21:52:02,36.2546,0.8519,83.59,37,0,5.1
156,Gimli,CA,2022-08-04 21:52:02,50.6336,-96.9907,76.86,57,38,16.62
157,Beian,NO,2022-08-04 21:52:02,63.6559,9.5683,54.01,93,75,8.05
158,Xiaoweizhai,CN,2022-08-04 21:52:03,26.1903,107.5125,70.0,96,52,3.38
159,Herat,AF,2022-08-04 21:52:03,34.5,62.0,76.42,22,0,24.83
160,Khatanga,RU,2022-08-04 21:52:04,71.9667,102.5,54.14,74,90,5.01
161,Severo-Kurilsk,RU,2022-08-04 21:52:04,50.6789,156.125,55.44,82,74,10.47
162,Muisne,EC,2022-08-04 21:52:05,0.6,-80.0333,75.9,83,93,9.24
163,Norman Wells,CA,2022-08-04 21:52:05,65.282,-126.8329,73.44,35,40,4.61
164,Srednekolymsk,RU,2022-08-04 21:52:06,67.45,153.6833,52.16,50,23,8.32
165,Maneadero,MX,2022-08-04 21:52:06,31.7167,-116.5667,74.1,78,96,4.0
166,Buldana,IN,2022-08-04 21:52:06,20.5333,76.1833,72.84,94,100,6.11
167,Chateaubelair,VC,2022-08-04 21:52:07,13.2833,-61.25,81.12,83,75,13.8
168,Waipawa,NZ,2022-08-04 21:52:07,-41.4122,175.5153,51.55,75,40,8.57
169,Siteki,SZ,2022-08-04 21:52:07,-26.45,31.95,59.41,75,31,2.42
170,Leh,IN,2022-08-04 21:52:08,34.1667,77.5833,64.2,43,44,4.54
171,Torbay,CA,2022-08-04 21:52:08,47.6666,-52.7314,74.17,68,75,10.36
172,Port Lincoln,AU,2022-08-04 21:52:09,-34.7333,135.8667,51.98,82,66,15.21
173,Aksarka,RU,2022-08-04 21:52:09,66.5606,67.7975,56.88,75,12,6.15
174,Mecca,SA,2022-08-04 21:52:10,21.4267,39.8261,91.31,43,32,0.6
175,Iberia,US,2022-08-04 21:52:10,29.9502,-91.7507,83.98,83,20,6.91
176,Saskylakh,RU,2022-08-04 21:52:10,71.9167,114.0833,54.73,68,100,4.97
177,Poum,NC,2022-08-04 21:52:11,-20.2333,164.0167,74.73,83,2,8.68
178,Denpasar,ID,2022-08-04 21:48:19,-8.65,115.2167,74.86,88,20,3.44
179,Camacha,PT,2022-08-04 21:52:11,33.0833,-16.3333,67.42,88,75,11.5
180,Cherskiy,RU,2022-08-04 21:52:12,68.75,161.3,44.33,82,100,7.2
181,Hazorasp,UZ,2022-08-04 21:52:12,41.3194,61.0742,79.32,33,1,7.96
182,Hami,CN,2022-08-04 21:52:12,42.8,93.45,86.94,25,90,6.73
183,Beja,TN,2022-08-04 21:52:13,36.7256,9.1817,86.65,40,0,10.8
184,Ozernovskiy,RU,2022-08-04 21:52:13,51.5,156.5167,55.72,86,80,10.98
185,Sobolevo,RU,2022-08-04 21:52:14,54.4299,31.8996,64.11,86,59,6.62
186,Aginskoye,RU,2022-08-04 21:52:14,51.1,114.53,56.14,79,2,8.84
187,Puerto Carreno,CO,2022-08-04 21:52:14,6.189,-67.4859,87.78,62,75,5.75
188,Lerwick,GB,2022-08-04 21:52:15,60.1545,-1.1494,51.8,79,13,7.47
189,Itoman,JP,2022-08-04 21:52:15,26.1247,127.6694,83.17,87,75,4.61
190,Plavinas,LV,2022-08-04 21:52:16,56.6178,25.7255,58.44,74,11,3.58
191,Camargo,MX,2022-08-04 21:52:16,27.6667,-105.1667,95.7,21,52,7.65
192,Kantunilkin,MX,2022-08-04 21:52:17,21.0917,-87.45,92.75,34,30,8.66
193,Omsukchan,RU,2022-08-04 21:52:17,62.5333,155.8,61.21,83,88,4.88
194,Misratah,LY,2022-08-04 21:52:17,32.3754,15.0925,82.08,64,1,13.8
195,Zhongxing,CN,2022-08-04 21:52:18,33.7039,118.6792,82.38,85,2,4.59
196,Vestmanna,FO,2022-08-04 21:52:18,62.1564,-7.1664,47.32,87,100,18.41
197,East London,ZA,2022-08-04 21:52:19,-33.0153,27.9116,64.31,71,100,3.24
198,Esperance,AU,2022-08-04 21:52:19,-33.8667,121.9,48.04,74,93,17.72
199,Tautira,PF,2022-08-04 21:52:20,-17.7333,-149.15,76.55,79,91,26.93
200,Abbeville,FR,2022-08-04 21:52:20,50.1,1.8333,62.49,85,100,3.15
201,Taltal,CL,2022-08-04 21:52:20,-25.4,-70.4833,60.66,68,82,4.23
202,Bambous Virieux,MU,2022-08-04 21:52:21,-20.3428,57.7575,70.05,73,20,16.11
203,Itarema,BR,2022-08-04 21:52:21,-2.9248,-39.9167,77.67,78,10,14.09
204,Gwadar,PK,2022-08-04 21:52:22,25.1216,62.3254,80.35,86,48,4.99
205,Sayyan,YE,2022-08-04 21:52:22,15.1718,44.3244,63.72,64,59,0.98
206,Vilhena,BR,2022-08-04 21:51:31,-12.7406,-60.1458,88.02,40,20,8.05
207,Mandera,KE,2022-08-04 21:52:23,3.9366,41.867,78.01,53,97,21.72
208,Narasapur,IN,2022-08-04 21:52:23,16.45,81.6667,78.78,89,94,1.77
209,Taunggyi,MM,2022-08-04 21:52:23,20.7833,97.0333,62.76,98,100,2.95
210,Hovd,MN,2022-08-04 21:52:24,48.0056,91.6419,63.16,55,52,3.67
211,Lagoa,PT,2022-08-04 21:52:24,39.05,-27.9833,75.63,82,1,3.47
212,Esparta,HN,2022-08-04 21:52:25,15.7437,-87.1766,87.94,71,100,10.54
213,Ancud,CL,2022-08-04 21:52:25,-41.8697,-73.8203,43.23,69,100,3.31
214,Banamba,ML,2022-08-04 21:52:26,13.55,-7.45,76.23,78,83,8.63
215,Saint-Pierre,RE,2022-08-04 21:52:26,-21.3393,55.4781,65.88,77,0,8.05
216,Sergeyevka,KZ,2022-08-04 21:52:26,53.88,67.4158,58.93,79,3,7.34
217,Talnakh,RU,2022-08-04 21:52:27,69.4865,88.3972,61.21,81,99,6.69
218,Zhumadian,CN,2022-08-04 21:52:27,32.9794,114.0294,81.97,78,0,5.17
219,Teguldet,RU,2022-08-04 21:52:27,57.3064,88.1667,43.79,96,92,3.56
220,Ambanja,MG,2022-08-04 21:52:28,-13.6833,48.45,68.77,77,45,2.91
221,Belmonte,BR,2022-08-04 21:52:28,-15.8631,-38.8828,71.15,83,18,7.61
222,Porto Tolle,IT,2022-08-04 21:52:29,44.9497,12.3245,80.04,62,0,7.99
223,Wainwright,CA,2022-08-04 21:50:58,52.839,-110.8572,65.16,68,75,21.88
224,Fortuna Foothills,US,2022-08-04 21:52:29,32.6578,-114.4119,93.29,46,100,6.91
225,Santa Cruz Cabralia,BR,2022-08-04 21:52:29,-16.2781,-39.0247,73.63,78,20,6.91
226,Bam,IR,2022-08-04 21:52:30,29.106,58.357,84.6,16,0,8.37
227,Port Hedland,AU,2022-08-04 21:47:35,-20.3167,118.5667,51.85,82,2,0.0
228,Toyooka,JP,2022-08-04 21:52:30,35.5333,134.8333,77.36,91,94,2.55
229,Takanabe,JP,2022-08-04 21:52:31,32.1333,131.5,82.29,80,38,3.58
230,Sabha,LY,2022-08-04 21:52:31,27.0377,14.4283,92.71,22,51,14.54
231,Port Hueneme,US,2022-08-04 21:52:31,34.1478,-119.1951,96.19,56,0,9.28
232,Ponta Delgada,PT,2022-08-04 21:52:32,37.7333,-25.6667,74.12,94,75,8.05
233,Nelson Bay,AU,2022-08-04 21:52:32,-32.7167,152.15,61.0,99,96,1.99
234,Qaqortoq,GL,2022-08-04 21:52:32,60.7167,-46.0333,48.25,82,92,3.33
235,Honiara,SB,2022-08-04 21:52:33,-9.4333,159.95,82.65,71,38,5.26
236,Celestun,MX,2022-08-04 21:52:33,20.8667,-90.4,84.78,70,26,17.43
237,Yen Bai,VN,2022-08-04 21:52:33,21.7,104.8667,78.06,96,100,2.55
238,Cabinda,AO,2022-08-04 21:52:34,-5.55,12.2,68.43,90,18,10.76
239,Durusu,TR,2022-08-04 21:52:34,41.3053,28.6767,77.85,82,0,8.99
240,Gombe,NG,2022-08-04 21:52:35,10.2897,11.1673,75.87,73,76,7.99
241,Basoko,CD,2022-08-04 21:52:35,1.2391,23.616,71.55,92,52,2.21
242,Vostok,RU,2022-08-04 21:52:35,46.4856,135.8833,67.24,84,100,3.13
243,Avera,US,2022-08-04 21:52:36,33.194,-82.5271,94.51,55,81,8.05
244,Qaanaaq,GL,2022-08-04 21:52:36,77.484,-69.3632,45.43,56,6,3.8
245,Mayor Pablo Lagerenza,PY,2022-08-04 21:52:36,-19.9309,-60.7718,65.84,64,42,11.05
246,Khipro,PK,2022-08-04 21:52:37,25.8285,69.3772,87.82,64,58,13.11
247,Nueva Guinea,NI,2022-08-04 21:48:04,11.6876,-84.4562,74.64,88,94,10.65
248,Krasnodon,UA,2022-08-04 21:52:37,48.2923,39.7373,67.03,84,89,3.04
249,Sale,MA,2022-08-04 21:52:38,34.0389,-6.8166,71.74,94,20,0.0
250,Clyde River,CA,2022-08-04 21:49:34,70.4692,-68.5914,44.83,87,75,14.97
251,Baykit,RU,2022-08-04 21:52:07,61.67,96.37,43.81,95,100,3.2
252,Dosso,NE,2022-08-04 21:52:38,13.049,3.1937,76.84,76,74,7.61
253,Carauari,BR,2022-08-04 21:52:39,-4.8828,-66.8958,77.79,89,95,3.18
254,Mar Del Plata,AR,2022-08-04 21:52:39,-38.0023,-57.5575,46.42,80,20,4.61
255,Naze,JP,2022-08-04 21:52:39,28.3667,129.4833,77.92,84,99,7.9
256,Kruisfontein,ZA,2022-08-04 21:52:40,-34.0033,24.7314,52.03,91,78,4.34
257,Bend,US,2022-08-04 21:52:40,44.0582,-121.3153,87.37,18,0,8.05
258,Arraial Do Cabo,BR,2022-08-04 21:52:40,-22.9661,-42.0278,73.26,83,0,9.22
259,San Patricio,US,2022-08-04 21:52:41,28.017,-97.5169,98.19,43,18,18.97
260,Yar-Sale,RU,2022-08-04 21:52:41,66.8333,70.8333,55.58,88,10,6.46
261,Mahebourg,MU,2022-08-04 21:52:03,-20.4081,57.7,70.09,73,20,16.11
262,Guerrero Negro,MX,2022-08-04 21:52:42,27.9769,-114.0611,79.43,56,1,17.27
263,Lompoc,US,2022-08-04 21:50:59,34.6391,-120.4579,79.02,56,0,17.27
264,Taree,AU,2022-08-04 21:52:42,-31.9,152.4667,66.11,95,100,1.77
265,Mangochi,MW,2022-08-04 21:52:42,-14.4782,35.2645,68.67,55,49,2.95
266,Najran,SA,2022-08-04 21:52:43,17.4924,44.1277,81.25,82,99,14.16
267,Vung Tau,VN,2022-08-04 21:52:43,10.346,107.0843,78.13,80,100,15.59
268,Borogontsy,RU,2022-08-04 21:52:44,62.6683,131.1683,66.4,82,62,5.99
269,Kununurra,AU,2022-08-04 21:52:44,-15.7667,128.7333,62.58,94,72,2.3
270,Kyshtovka,RU,2022-08-04 21:52:44,56.555,76.6271,54.32,79,5,4.27
271,Souillac,MU,2022-08-04 21:52:45,-20.5167,57.5167,70.18,73,20,16.11
272,Deputatskiy,RU,2022-08-04 21:52:45,69.3,139.9,46.11,60,7,0.36
273,Mataram,ID,2022-08-04 21:52:45,-8.5833,116.1167,68.81,80,22,7.25
274,Port Augusta,AU,2022-08-04 21:52:46,-32.5,137.7667,47.62,74,8,11.83
275,College,US,2022-08-04 21:52:13,64.8569,-147.8028,76.06,51,20,8.05
276,Vao,NC,2022-08-04 21:52:46,-22.6667,167.4833,72.03,84,96,17.05
277,Tynda,RU,2022-08-04 21:52:47,55.1667,124.7167,62.92,99,100,10.8
278,Anadyr,RU,2022-08-04 21:52:47,64.75,177.4833,57.7,76,0,4.47
279,Udomlya,RU,2022-08-04 21:50:58,57.8794,34.9925,66.38,71,72,2.24
280,Santa Marta,CO,2022-08-04 21:51:05,11.2408,-74.199,91.45,62,75,12.66
281,Caravelas,BR,2022-08-04 21:52:48,-17.7125,-39.2481,69.17,78,15,5.66
282,Kahului,US,2022-08-04 21:52:48,20.8947,-156.47,86.02,54,40,13.8
283,Kamaishi,JP,2022-08-04 21:52:48,39.2667,141.8833,67.91,86,97,5.21
284,Broken Hill,AU,2022-08-04 21:52:49,-31.95,141.4333,48.36,57,0,11.01
285,Solone,UA,2022-08-04 21:52:49,48.2081,34.8721,68.25,74,62,3.04
286,Kloulklubed,PW,2022-08-04 21:52:49,7.0419,134.2556,73.9,73,100,9.28
287,Kaeo,NZ,2022-08-04 21:52:50,-35.1,173.7833,54.32,97,4,4.85
288,Los Llanos De Aridane,ES,2022-08-04 21:50:43,28.6585,-17.9182,69.55,89,100,17.27
289,Mahon,ES,2022-08-04 21:52:50,39.8885,4.2658,81.16,74,0,2.3
290,Husavik,IS,2022-08-04 21:52:51,66.0449,-17.3389,44.29,86,86,7.25
291,Wajir,KE,2022-08-04 21:52:51,1.7471,40.0573,74.7,58,90,21.09
292,Mahibadhoo,MV,2022-08-04 21:52:51,3.7833,72.9667,80.4,80,100,20.36
293,Adrar,MR,2022-08-04 21:52:52,20.5022,-10.0711,95.47,28,1,19.15
294,Hamilton,US,2022-08-04 21:51:37,39.1834,-84.5333,82.35,82,40,5.75
295,Yulara,AU,2022-08-04 21:52:52,-25.2406,130.9889,46.8,51,0,7.23
296,Magalia,US,2022-08-04 21:51:23,39.8121,-121.5783,97.43,31,6,3.0
297,Tuatapere,NZ,2022-08-04 21:52:53,-46.1333,167.6833,54.66,60,100,9.71
298,Santa Cruz,BO,2022-08-04 21:52:53,-17.8,-63.1667,78.85,53,75,16.11
299,Mahajanga,MG,2022-08-04 21:52:53,-15.7167,46.3167,69.82,60,0,5.75
300,Conde,BR,2022-08-04 21:52:54,-7.2597,-34.9075,74.66,88,20,6.91
301,Majene,ID,2022-08-04 21:52:54,-3.5403,118.9707,75.18,88,19,9.08
302,Oranjemund,NA,2022-08-04 21:52:55,-28.55,16.4333,52.84,90,0,8.19
303,Aras,ES,2022-08-04 21:52:55,42.5617,-2.356,68.41,73,0,9.22
304,Dryden,CA,2022-08-04 21:52:55,49.7833,-92.7503,73.69,43,20,9.22
305,Harer,ET,2022-08-04 21:52:56,9.3094,42.1258,61.38,70,61,13.18
306,Pampierstad,ZA,2022-08-04 21:52:56,-27.7832,24.6877,54.57,47,0,3.47
307,Reading,GB,2022-08-04 21:50:17,51.4562,-0.9711,66.72,54,0,5.75
308,Luderitz,NA,2022-08-04 21:52:57,-26.6481,15.1594,55.99,79,0,12.75
309,Fortuna,US,2022-08-04 21:52:57,40.5982,-124.1573,74.93,68,20,11.5
310,Conceicao Do Araguaia,BR,2022-08-04 21:52:57,-8.2578,-49.2647,84.96,33,60,5.12
311,Arlit,NE,2022-08-04 21:52:58,18.7369,7.3853,89.51,40,63,6.67
312,Bilibino,RU,2022-08-04 21:52:58,68.0546,166.4372,48.13,80,100,6.55
313,Alice Springs,AU,2022-08-04 21:52:58,-23.7,133.8833,49.55,66,19,9.22
314,Kodiak,US,2022-08-04 21:52:59,57.79,-152.4072,62.11,72,100,3.44
315,Sumkino,RU,2022-08-04 21:52:59,58.1108,68.3244,58.53,79,100,3.69
316,Anlu,CN,2022-08-04 21:52:59,31.1661,112.5831,79.99,86,0,4.43
317,Toila,EE,2022-08-04 21:53:00,59.4236,27.5025,65.68,75,38,9.73
318,Christchurch,NZ,2022-08-04 21:51:25,-43.5333,172.6333,55.6,44,87,11.5
319,Dunedin,NZ,2022-08-04 21:53:00,-45.8742,170.5036,56.16,57,100,11.41
320,Tabou,CI,2022-08-04 21:53:01,4.423,-7.3528,74.66,78,100,7.92
321,Parana,AR,2022-08-04 21:53:01,-31.732,-60.5238,58.57,55,57,5.79
322,Bonnyville,CA,2022-08-04 21:53:01,54.2668,-110.735,61.92,79,100,4.36
323,Stykkisholmur,IS,2022-08-04 21:53:02,65.0757,-22.7297,48.09,79,7,9.4
324,Quelimane,MZ,2022-08-04 21:53:02,-17.8786,36.8883,67.95,88,0,2.3
325,Itaituba,BR,2022-08-04 21:48:41,-4.2761,-55.9836,91.56,55,20,4.61
326,Genhe,CN,2022-08-04 21:53:03,50.7833,121.5167,63.39,99,100,4.85
327,Qom,IR,2022-08-04 21:53:03,34.6401,50.8764,90.39,17,0,11.54
328,Posse,BR,2022-08-04 21:53:04,-14.0931,-46.3694,73.99,33,8,3.91
329,Abu Samrah,SY,2022-08-04 21:53:04,35.3029,37.1841,84.58,38,0,6.38
330,Liling,CN,2022-08-04 21:53:04,27.6667,113.5,77.99,83,57,3.18
331,Kathu,TH,2022-08-04 21:53:05,7.9178,98.3332,85.75,77,100,7.49
332,Portland,US,2022-08-04 21:52:59,45.5234,-122.6762,79.09,53,75,8.05
333,Lehututu,BW,2022-08-04 21:53:06,-23.9667,21.8667,55.44,47,0,8.52
334,Preobrazheniye,RU,2022-08-04 21:53:06,42.9019,133.9064,72.12,97,100,2.15
335,Treinta Y Tres,UY,2022-08-04 21:53:07,-33.2333,-54.3833,51.58,90,100,14.52
336,Pevek,RU,2022-08-04 21:53:07,69.7008,170.3133,36.86,96,100,6.82
337,Gobabis,NA,2022-08-04 21:53:07,-22.45,18.9667,51.87,19,0,6.35
338,Aquiraz,BR,2022-08-04 21:53:08,-3.9014,-38.3911,80.19,82,32,8.08
339,Nouadhibou,MR,2022-08-04 21:53:08,20.931,-17.0347,75.18,78,100,8.05
340,Half Moon Bay,US,2022-08-04 21:53:09,37.4636,-122.4286,91.58,65,75,18.41
341,Huesca,ES,2022-08-04 21:51:28,42.1362,-0.4087,81.28,41,0,12.66
342,Alta Floresta,BR,2022-08-04 21:53:09,-9.8756,-56.0861,83.8,33,93,2.75
343,Agadez,NE,2022-08-04 21:53:10,19.75,10.25,93.13,28,2,7.61
344,Kieta,PG,2022-08-04 21:53:10,-6.2167,155.6333,82.45,73,94,3.8
345,Prado,BR,2022-08-04 21:53:11,-17.3411,-39.2208,70.41,77,43,7.4
346,Chuy,UY,2022-08-04 21:53:11,-33.6971,-53.4616,51.31,94,100,15.86
347,Bima,ID,2022-08-04 21:53:11,-8.4667,118.7167,72.25,92,26,3.85
348,Atasu,KZ,2022-08-04 21:53:12,48.6814,71.6433,63.21,55,98,12.8
349,Hambantota,LK,2022-08-04 21:53:12,6.1241,81.1185,80.94,78,75,13.8
350,Hingatungan,PH,2022-08-04 21:53:12,10.584,125.1852,78.33,81,99,3.0
351,Katherine,AU,2022-08-04 21:53:14,-14.4667,132.2667,70.12,83,78,0.0
352,Bereda,ES,2022-08-04 21:53:14,43.2686,-7.5406,66.42,99,100,8.01
353,San Rafael,AR,2022-08-04 21:53:15,-34.6177,-68.3301,57.99,41,11,9.53
354,Saint-Andre-Avellin,CA,2022-08-04 21:53:15,45.7168,-75.066,83.97,81,100,4.68
355,Dukat,RU,2022-08-04 21:53:16,62.55,155.55,60.12,85,89,3.15
356,Erenhot,CN,2022-08-04 21:53:17,43.6475,111.9767,70.68,61,0,5.19
357,Mehamn,NO,2022-08-04 21:53:17,71.0357,27.8492,57.15,82,40,12.66
358,Stornoway,GB,2022-08-04 21:53:17,58.2093,-6.3865,50.94,88,20,3.44
359,Hyeres,FR,2022-08-04 21:53:18,43.1167,6.1167,81.66,67,0,0.0
360,Severnyy,RU,2022-08-04 21:53:18,50.677,36.5532,64.44,100,75,11.18
361,Jiangyan,CN,2022-08-04 21:53:19,32.5061,120.1428,81.68,83,44,7.11
362,Waingapu,ID,2022-08-04 21:53:19,-9.6567,120.2641,69.51,77,5,4.7
363,Ambon,ID,2022-08-04 21:53:20,-3.6954,128.1814,78.24,15,40,3.44
364,Sinnamary,GF,2022-08-04 21:52:08,5.3833,-52.95,79.92,79,23,10.56
365,Dingle,PH,2022-08-04 21:52:18,10.9995,122.6711,76.03,91,100,0.98
366,Katsuura,JP,2022-08-04 21:53:20,35.1333,140.3,74.75,91,100,16.24
367,Shaunavon,CA,2022-08-04 21:53:21,49.6501,-108.4181,91.18,14,52,22.82
368,Tarija,BO,2022-08-04 21:53:21,-21.5355,-64.7296,60.71,59,2,13.8
369,Adwa,ET,2022-08-04 21:53:22,14.1646,38.8955,61.02,88,85,0.94
370,Cabo San Lucas,MX,2022-08-04 21:48:44,22.8909,-109.9124,93.61,69,3,1.99
371,Gat,IL,2022-08-04 21:53:23,31.61,34.7642,81.28,100,0,3.44
372,Jijiga,ET,2022-08-04 21:53:23,9.35,42.8,65.5,63,62,21.21
373,Saint Anthony,US,2022-08-04 21:53:23,45.0205,-93.218,88.34,38,0,4.81
374,Itanagar,IN,2022-08-04 21:53:24,27.1,93.6167,74.79,97,100,2.33
375,Buala,SB,2022-08-04 21:53:24,-8.145,159.5921,83.16,68,55,8.7
376,Lukovetskiy,RU,2022-08-04 21:53:24,64.2956,41.9211,59.97,84,95,5.53
377,Bambanglipuro,ID,2022-08-04 21:53:25,-7.95,110.2833,71.44,91,44,3.49
378,Lakes Entrance,AU,2022-08-04 21:53:25,-37.8811,147.981,54.48,66,0,8.55
379,Aquin,HT,2022-08-04 21:53:26,18.2833,-73.4,83.61,69,73,7.76
380,Indian Head,US,2022-08-04 21:53:26,38.6001,-77.1622,95.76,55,0,6.91
381,Flin Flon,CA,2022-08-04 21:53:27,54.7682,-101.865,64.24,63,100,10.36
382,Pauini,BR,2022-08-04 21:53:27,-7.7136,-66.9764,79.47,82,100,2.35
383,Ostersund,SE,2022-08-04 21:53:27,63.1792,14.6357,61.25,72,75,9.22
384,Zhaotong,CN,2022-08-04 21:53:28,27.3167,103.7167,60.76,95,51,2.04
385,Port-Gentil,GA,2022-08-04 21:53:28,-0.7193,8.7815,74.03,76,89,16.13
386,Tambacounda,SN,2022-08-04 21:53:29,13.7539,-13.7586,80.65,83,40,4.61
387,Rio Branco,BR,2022-08-04 21:49:42,-9.9747,-67.81,86.61,62,40,3.44
388,Bira,RU,2022-08-04 21:53:29,49.0,132.4667,67.51,98,100,6.89
389,Bethel,US,2022-08-04 21:53:30,41.3712,-73.414,94.77,58,21,3.0
390,Turukhansk,RU,2022-08-04 21:53:30,65.8167,87.9833,50.36,79,37,1.61
391,Muros,ES,2022-08-04 21:53:31,42.7762,-9.0603,70.68,74,64,16.84
392,Saint-Joseph,RE,2022-08-04 21:49:30,-21.3667,55.6167,64.78,78,34,11.03
393,Munkebo,DK,2022-08-04 21:53:31,55.4618,10.5558,63.36,81,39,10.51
394,Saint-Augustin,CA,2022-08-04 21:53:32,51.226,-58.6502,62.13,96,95,12.82
395,Constitucion,CL,2022-08-04 21:53:32,-35.3333,-72.4167,51.84,83,100,9.62
396,Davila,PH,2022-08-04 21:53:32,18.4726,120.5763,76.98,76,76,5.75
397,Margate,GB,2022-08-04 21:53:33,51.3813,1.3862,68.31,83,100,4.0
398,Benoy,TD,2022-08-04 21:53:33,8.9833,16.3199,71.24,94,96,4.74
399,Leningradskiy,RU,2022-08-04 21:53:34,69.3833,178.4167,38.07,92,100,8.93
400,Geraldton,AU,2022-08-04 21:53:34,-28.7667,114.6,48.61,93,100,6.91
401,Novyy Urengoy,RU,2022-08-04 21:53:34,66.0833,76.6333,60.57,86,100,10.83
402,Skelleftea,SE,2022-08-04 21:53:35,64.7507,20.9528,61.16,100,92,8.05
403,Ulety,RU,2022-08-04 21:53:35,51.3572,112.4849,54.59,80,10,5.17
404,Mulatupo,PA,2022-08-04 21:53:35,8.9492,-77.7652,80.89,86,59,4.56
405,Sovetsk,RU,2022-08-04 21:53:36,55.0839,21.8785,63.73,73,60,7.61
406,Marienburg,PL,2022-08-04 21:53:36,54.0359,19.0266,76.57,55,7,9.13
407,Luanda,AO,2022-08-04 21:53:37,-8.8368,13.2343,68.0,83,100,6.91
408,Pedernales,DO,2022-08-04 21:53:37,18.0384,-71.744,88.74,50,83,6.76
409,Reconquista,AR,2022-08-04 21:53:37,-29.15,-59.65,54.32,74,63,8.16
410,Sistranda,NO,2022-08-04 21:53:38,63.7256,8.834,51.76,73,100,13.29
411,Villa Carlos Paz,AR,2022-08-04 21:53:38,-31.4241,-64.4978,58.39,44,25,4.0
412,Puerto Escondido,MX,2022-08-04 21:53:39,15.85,-97.0667,85.03,65,75,8.05
413,Shahgarh,IN,2022-08-04 21:53:39,24.3167,79.1333,79.38,84,77,4.56
414,Aklavik,CA,2022-08-04 21:53:39,68.2191,-135.0107,75.2,53,75,8.05
415,Neiafu,TO,2022-08-04 21:53:40,-18.65,-173.9833,79.48,73,75,12.66
416,Olinda,BR,2022-08-04 21:53:40,-8.0089,-34.8553,76.73,78,40,13.8
417,Kvarkeno,RU,2022-08-04 21:53:40,52.0833,59.725,62.02,69,98,10.22
418,Evensk,RU,2022-08-04 21:53:41,61.95,159.2333,53.37,96,100,7.47
419,Meulaboh,ID,2022-08-04 21:53:41,4.1363,96.1285,75.87,74,100,2.8
420,Conceicao Da Barra,BR,2022-08-04 21:53:41,-18.5933,-39.7322,70.27,73,24,6.8
421,Bull Savanna,JM,2022-08-04 21:53:42,17.8868,-77.5902,82.17,67,94,15.97
422,Hammerfest,NO,2022-08-04 21:53:42,70.6634,23.6821,55.85,82,75,3.44
423,Novyy Urgal,RU,2022-08-04 21:53:42,51.0736,132.5642,66.85,83,100,3.83
424,Eydhafushi,MV,2022-08-04 21:53:43,5.1033,73.0708,80.51,81,100,20.54
425,Anloga,GH,2022-08-04 21:53:43,5.7947,0.8973,74.08,80,96,8.88
426,Maamba,ZM,2022-08-04 21:53:44,-17.3667,27.15,63.55,47,0,3.18
427,Charters Towers,AU,2022-08-04 21:53:44,-20.1,146.2667,64.13,88,21,7.54
428,Redmond,US,2022-08-04 21:51:21,47.674,-122.1215,70.29,75,94,1.99
429,Araouane,ML,2022-08-04 21:53:44,18.9048,-3.5265,99.37,24,1,3.2
430,Prince Rupert,CA,2022-08-04 21:50:35,54.3161,-130.3201,62.29,79,100,6.91
431,Les Ponts-De-Ce,FR,2022-08-04 21:53:45,47.4231,-0.5248,66.07,79,100,8.93
432,Tinde,TZ,2022-08-04 21:53:46,-3.8833,33.2,68.47,52,11,8.08
433,Wanning,CN,2022-08-04 21:53:46,18.8003,110.3967,79.56,90,99,9.78
434,Pimenta Bueno,BR,2022-08-04 21:53:46,-11.6725,-61.1936,85.19,43,91,2.35
435,Nikolaevo,BG,2022-08-04 21:53:47,42.6333,25.8,70.23,64,0,1.77
436,Safford,US,2022-08-04 21:53:47,32.834,-109.7076,88.11,33,6,4.52
437,Hofn,IS,2022-08-04 21:53:47,64.2539,-15.2082,50.27,70,45,10.51
438,Kashan,IR,2022-08-04 21:53:48,33.9831,51.4364,90.91,18,0,5.7
439,Cockburn Town,TC,2022-08-04 21:53:48,21.4612,-71.1419,85.96,70,40,17.27
440,Saravena,CO,2022-08-04 21:53:48,6.9538,-71.8752,81.19,77,69,1.34
441,San Isidro,PE,2022-08-04 21:53:49,-12.1167,-77.05,62.19,72,75,6.91
442,Sayat,TM,2022-08-04 21:53:49,38.7839,63.8803,80.47,27,11,9.26
443,Ruteng,ID,2022-08-04 21:53:50,-8.6136,120.4721,55.9,80,10,1.54
444,Sola,VU,2022-08-04 21:53:50,-13.8833,167.55,81.27,78,40,3.44
445,Presidencia Roque Saenz Pena,AR,2022-08-04 21:53:50,-26.7852,-60.4388,61.95,58,0,6.69
446,Grindavik,IS,2022-08-04 21:53:51,63.8424,-22.4338,53.55,81,0,11.5
447,Port Hawkesbury,CA,2022-08-04 21:53:51,45.6169,-61.3485,85.12,59,0,8.05
448,Aguada De Pasajeros,CU,2022-08-04 21:53:51,22.385,-80.8508,85.77,60,72,7.74
449,Port Blair,IN,2022-08-04 21:53:52,11.6667,92.75,80.64,83,100,6.91
450,Marzuq,YE,2022-08-04 21:53:52,14.4,46.4667,80.47,56,89,4.12
451,Altay,CN,2022-08-04 21:53:52,47.8667,88.1167,61.7,54,60,2.26
452,Isangel,VU,2022-08-04 21:53:53,-19.55,169.2667,77.11,94,20,2.3
453,Mackay,AU,2022-08-04 21:53:53,-21.15,149.2,68.68,89,3,2.46
454,Salinopolis,BR,2022-08-04 21:53:54,-0.6136,-47.3561,79.11,82,61,10.27
455,Mersing,MY,2022-08-04 21:53:54,2.4312,103.8405,75.11,94,40,4.61
456,Guerrero,MX,2022-08-04 21:53:54,17.6667,-100.0,78.55,68,9,3.29
457,Khora,GR,2022-08-04 21:53:55,37.05,21.7167,80.11,43,26,3.67
458,Verkhnevilyuysk,RU,2022-08-04 21:53:55,63.4453,120.3167,54.39,61,100,8.3
459,Teknaf,BD,2022-08-04 21:53:56,20.8624,92.3058,78.64,93,93,9.19
460,Chhaprauli,IN,2022-08-04 21:53:56,29.2167,77.1833,77.56,94,100,6.62
461,Liverpool,GB,2022-08-04 21:51:15,53.4106,-2.9779,59.61,72,75,5.75
462,Ayorou,NE,2022-08-04 21:53:56,14.7308,0.9174,79.23,63,100,10.6
463,Korla,CN,2022-08-04 21:53:57,41.7597,86.1469,81.39,34,0,3.22
464,Matara,LK,2022-08-04 21:53:57,5.9485,80.5353,77.92,83,100,15.61
465,Phek,IN,2022-08-04 21:53:58,25.6667,94.5,61.92,99,99,0.78
466,Landeck,AT,2022-08-04 21:53:58,47.1301,10.5636,72.34,76,84,3.49
467,Smithers,CA,2022-08-04 21:53:59,54.7804,-127.1743,61.12,67,75,4.61
468,Lensk,RU,2022-08-04 21:53:59,60.7253,114.9278,56.41,87,100,3.22
469,Gazanjyk,TM,2022-08-04 21:53:59,39.2446,55.5154,89.28,22,0,4.47
470,Boende,CD,2022-08-04 21:54:00,-0.2167,20.8667,73.51,86,51,2.06
471,Cairns,AU,2022-08-04 21:51:31,-16.9167,145.7667,72.07,94,60,4.61
472,Diamantino,BR,2022-08-04 21:54:00,-14.4086,-56.4461,82.27,26,8,3.4
473,Fairlie,GB,2022-08-04 21:54:01,55.756,-4.8556,55.31,84,24,11.07
474,Kirensk,RU,2022-08-04 21:54:01,57.7853,108.1119,54.93,75,100,2.08
475,Daru,PG,2022-08-04 21:54:01,-9.0763,143.2092,78.67,89,95,14.12
476,Francistown,BW,2022-08-04 21:54:02,-21.17,27.5079,64.44,41,0,6.44
477,Rio Grande,BR,2022-08-04 21:54:02,-32.035,-52.0986,53.71,95,100,23.85
478,Baturaja,ID,2022-08-04 21:54:03,-4.1333,104.1667,70.74,97,91,1.9
479,Taoudenni,ML,2022-08-04 21:54:03,22.6783,-3.9836,99.82,22,29,2.48
480,Adelaide,AU,2022-08-04 21:50:28,-34.9333,138.6,53.85,84,75,12.66
481,Colesberg,ZA,2022-08-04 21:54:04,-30.72,25.0972,53.87,57,67,6.02
482,Athabasca,CA,2022-08-04 21:54:04,54.7169,-113.2854,59.41,91,100,10.94
483,Manoel Urbano,BR,2022-08-04 21:54:05,-8.8389,-69.2597,84.29,63,100,2.55
484,Severo-Yeniseyskiy,RU,2022-08-04 21:54:05,60.3725,93.0408,39.54,99,100,4.59
485,Alofi,NU,2022-08-04 21:50:37,-19.0595,-169.9187,78.69,69,40,17.27
486,Owando,CG,2022-08-04 21:54:06,-0.4819,15.8999,77.38,61,97,2.82
487,Grevesmuhlen,DE,2022-08-04 21:54:06,53.8667,11.1833,70.79,93,82,2.89
488,Sudak,UA,2022-08-04 21:54:07,44.85,34.9667,73.69,69,0,4.18
489,Del Rio,US,2022-08-04 21:54:02,29.3627,-100.8968,102.6,24,0,16.11
490,Barra Patuca,HN,2022-08-04 21:54:08,15.8,-84.2833,80.31,81,100,7.54
491,Arroio Grande,BR,2022-08-04 21:54:08,-32.2375,-53.0869,54.64,95,100,18.84
492,Sokolo,ML,2022-08-04 21:54:08,14.7328,-6.1219,87.87,49,93,7.99
493,Shelburne,CA,2022-08-04 21:52:54,44.0787,-80.2041,75.99,86,100,6.91
494,Salta,AR,2022-08-04 21:54:09,-24.7859,-65.4117,63.19,48,75,12.66
495,Pisco,PE,2022-08-04 21:54:11,-13.7,-76.2167,64.45,72,0,11.5
496,Miraflores,MX,2022-08-04 21:54:11,19.2167,-98.8083,74.03,55,75,5.66
497,Winsford,GB,2022-08-04 21:54:12,53.1833,-2.5167,59.52,78,19,1.01
498,Tucuma,BR,2022-08-04 21:54:15,-0.1833,-50.05,76.26,90,29,5.84
499,Kitgum,UG,2022-08-04 21:54:16,3.2783,32.8867,65.46,95,83,2.86
500,Benghazi,LY,2022-08-04 21:54:16,32.1167,20.0667,80.89,71,0,7.92
501,Rurrenabaque,BO,2022-08-04 21:54:17,-14.4413,-67.5278,83.43,58,75,2.98
502,Kaputa,ZM,2022-08-04 21:54:17,-8.4689,29.6619,69.01,48,1,1.41
503,Ngunguru,NZ,2022-08-04 21:54:17,-35.6167,174.5,55.44,80,5,4.83
504,Rujewa,TZ,2022-08-04 21:54:18,-8.7,34.3833,63.34,50,1,8.88
505,La Ronge,CA,2022-08-04 21:54:18,55.1001,-105.2842,64.65,59,100,16.11
506,Kargasok,RU,2022-08-04 21:54:19,59.0556,80.8572,53.92,73,36,5.79
507,Palmer,US,2022-08-04 21:54:19,42.1584,-72.3287,94.5,51,20,13.8
508,Benguela,AO,2022-08-04 21:54:20,-12.5763,13.4055,65.26,84,2,2.57
509,Bayir,TR,2022-08-04 21:54:20,37.2687,28.2167,70.32,54,0,3.62
510,Kalga,RU,2022-08-04 21:54:20,50.9251,118.898,59.11,82,19,10.6
511,Zomin,UZ,2022-08-04 21:54:21,39.9606,68.3958,72.81,36,59,3.4
512,Dubbo,AU,2022-08-04 21:50:29,-32.25,148.6167,57.33,94,100,9.22
513,Tessalit,ML,2022-08-04 21:54:22,20.1986,1.0114,96.48,12,1,6.93
514,Zhuanghe,CN,2022-08-04 21:54:22,39.7008,122.9911,77.29,95,96,4.07
515,Nova Londrina,BR,2022-08-04 21:54:23,-22.7658,-52.985,78.48,27,38,7.52
516,Biak,ID,2022-08-04 21:54:24,-0.9131,122.8766,73.78,80,38,6.35
517,Lodja,CD,2022-08-04 21:54:24,-3.4833,23.4333,74.66,41,6,1.14
518,Lethem,GY,2022-08-04 21:54:25,3.3803,-59.7968,87.85,70,20,13.8
519,Ende,ID,2022-08-04 21:54:25,-8.8432,121.6623,70.3,86,24,0.92
520,Kirovskiy,RU,2022-08-04 21:54:26,45.0917,133.5136,72.95,91,100,5.44
521,Udachnyy,RU,2022-08-04 21:54:26,66.4167,112.4,44.46,93,100,10.65
522,Mende,FR,2022-08-04 21:54:26,44.6667,3.5,61.75,60,65,1.72
523,Port Keats,AU,2022-08-04 21:54:27,-14.25,129.55,72.05,92,59,5.5
524,Goure,NE,2022-08-04 21:54:27,13.9835,10.2704,81.01,51,82,7.0
525,La Paz,BO,2022-08-04 21:49:54,-16.5,-68.15,64.38,27,40,9.22
526,Kushima,JP,2022-08-04 21:54:28,31.4583,131.2333,80.46,87,77,6.31
527,Fairview,US,2022-08-04 21:51:34,40.8126,-73.999,97.61,59,0,10.0
528,Mountain Home,US,2022-08-04 21:54:28,43.133,-115.6912,98.08,14,20,5.75
529,Akyab,MM,2022-08-04 21:54:29,20.15,92.9,80.33,88,98,12.08
530,Luohe,CN,2022-08-04 21:54:29,33.5717,114.0353,82.31,79,3,5.82
531,Pangody,RU,2022-08-04 21:54:29,65.85,74.4859,59.25,90,98,6.58
532,Lingao,CN,2022-08-04 21:54:30,19.9103,109.6859,79.75,83,100,2.15
533,Raudeberg,NO,2022-08-04 21:54:30,61.9875,5.1352,52.47,73,60,14.79
534,San Pedro,PH,2022-08-04 21:50:48,14.35,121.0167,78.03,94,100,5.75
535,Jizan,SA,2022-08-04 21:54:30,17.3333,42.6667,88.74,54,100,13.47
536,Sitka,US,2022-08-04 21:54:31,57.0531,-135.33,63.09,77,92,4.72
537,Umm Kaddadah,SD,2022-08-04 21:54:31,13.6017,26.6876,87.8,43,48,12.37
538,Huinan,CN,2022-08-04 21:54:32,42.6225,126.2614,72.61,93,97,10.83
539,Vagur,FO,2022-08-04 21:54:32,61.4732,-6.8119,48.81,82,77,18.28
540,Mandali,IQ,2022-08-04 21:54:32,33.7499,45.5541,101.35,12,0,9.8
541,Mango,US,2022-08-04 21:54:33,27.9797,-82.3065,94.14,71,40,3.44
542,Krasnoborsk,RU,2022-08-04 21:54:33,61.5598,45.934,62.37,74,72,5.01
543,Buta,CD,2022-08-04 21:54:33,2.7858,24.73,70.02,96,85,2.3
544,Kokomo,US,2022-08-04 21:54:34,40.4864,-86.1336,84.22,80,100,11.5
545,Sisimiut,GL,2022-08-04 21:54:34,66.9395,-53.6735,43.77,87,100,18.77
546,Marawi,PH,2022-08-04 21:54:34,7.9986,124.2928,69.4,91,100,3.09
547,Poenari,RO,2022-08-04 21:54:35,45.3167,24.65,64.45,58,10,3.53
548,Talanga,HN,2022-08-04 21:54:35,14.4,-87.0833,82.94,45,99,8.99
549,Qeshm,IR,2022-08-04 21:54:36,26.9581,56.2719,89.49,79,4,2.59
550,Gayeri,BF,2022-08-04 21:54:36,12.6497,0.4931,75.0,85,94,7.2
551,Tura,IN,2022-08-04 21:54:36,25.5198,90.2201,73.99,96,77,2.75
552,Zaragoza,ES,2022-08-04 21:53:54,41.6561,-0.8773,88.25,26,40,10.0
553,Marsh Harbour,BS,2022-08-04 21:54:37,26.5412,-77.0636,84.11,69,0,13.82
554,Nemuro,JP,2022-08-04 21:54:37,43.3236,145.575,58.21,84,100,9.93
555,Constantine,DZ,2022-08-04 21:54:37,36.365,6.6147,74.61,68,20,4.61
556,La Sarre,CA,2022-08-04 21:54:38,48.8002,-79.1996,68.88,55,77,7.0
557,Loreto,MX,2022-08-04 21:54:38,22.2667,-101.9667,84.56,15,30,16.17
558,Phalaborwa,ZA,2022-08-04 21:54:38,-23.943,31.1411,68.52,45,60,3.33
559,Salinas,US,2022-08-04 21:54:04,36.6777,-121.6555,95.0,56,0,16.11
560,Vanimo,PG,2022-08-04 21:54:39,-2.6741,141.3028,77.68,87,100,3.6
561,Gweta,BW,2022-08-04 21:54:39,-20.1833,25.2333,67.21,33,0,8.39
562,Acapulco,MX,2022-08-04 21:54:17,16.8634,-99.8901,86.34,66,16,7.47
563,Napier,NZ,2022-08-04 21:54:40,-39.4833,176.9167,50.29,65,0,1.99
564,Beloha,MG,2022-08-04 21:54:40,-25.1667,45.05,66.69,75,73,6.62
565,Maarianhamina,AX,2022-08-04 21:54:41,60.0973,19.9348,67.86,83,0,12.66
566,Padang,ID,2022-08-04 21:54:41,-0.9492,100.3543,73.45,80,100,3.94
567,Namatanai,PG,2022-08-04 21:54:41,-3.6667,152.4333,81.7,73,90,7.54
568,Biberach,DE,2022-08-04 21:54:42,48.0934,9.7905,75.09,66,82,5.32
569,Yerbogachen,RU,2022-08-04 21:54:42,61.2767,108.0108,52.57,89,100,1.68
570,Inhambane,MZ,2022-08-04 21:54:42,-23.865,35.3833,66.34,84,0,7.61
571,Kaduna,NG,2022-08-04 21:54:43,10.5222,7.4383,68.77,96,62,4.34
572,Elko,US,2022-08-04 21:54:43,41.0002,-115.5012,92.05,21,77,7.0
573,Fairbanks,US,2022-08-04 21:54:43,64.8378,-147.7164,76.08,51,20,6.91
574,Kimbe,PG,2022-08-04 21:54:44,-5.5502,150.1429,79.47,78,54,3.15
575,Grand Gaube,MU,2022-08-04 21:54:44,-20.0064,57.6608,70.2,75,24,5.01
576,Kisangani,CD,2022-08-04 21:54:45,0.5167,25.2,71.76,90,23,2.35
577,Dunda,TZ,2022-08-04 21:54:45,-8.1167,34.25,58.37,67,2,3.56
578,Pitimbu,BR,2022-08-04 21:54:45,-7.4706,-34.8086,75.79,79,3,11.1
579,Gizo,SB,2022-08-04 21:54:46,-8.103,156.8419,82.81,72,9,6.2
580,Mugan,CN,2022-08-04 21:54:46,35.9404,101.3842,57.49,88,1,2.21
581,Nosy Varika,MG,2022-08-04 21:54:46,-20.5833,48.5333,62.6,88,10,4.25
582,Tirumullaivasal,IN,2022-08-04 21:54:47,11.2333,79.8333,79.52,74,100,23.69
583,Le Port,RE,2022-08-04 21:54:47,-20.9373,55.2919,67.96,65,76,7.81
584,Canutama,BR,2022-08-04 21:54:47,-6.5339,-64.3831,83.71,61,88,1.72
585,Olutanga,PH,2022-08-04 21:54:48,7.3106,122.8464,81.18,77,85,6.24
586,Berlin,DE,2022-08-04 21:54:04,52.5244,13.4105,86.95,44,0,9.22
587,Axim,GH,2022-08-04 21:54:48,4.8699,-2.2405,72.9,81,65,6.11
588,Hualmay,PE,2022-08-04 21:54:49,-11.0964,-77.6139,64.06,76,35,11.32
589,Florida,US,2022-08-04 21:50:05,28.7505,-82.5001,97.0,51,40,0.0
